sample_id,Month,Station,Depth,Well,Row,Column,NanoDrop,Tag,Lib,Combo,Qubit,locus,pri_index_name,primerF_seq,primerR_seq,insert_size,sec_index_start,pri_index_seq,IDT,sec_index_seq,file1,file2
Apr18_P8_122.2,18-Apr,P8,122,A1,A,1,49.2,Tag_8,Lib_K,Tag_8.Lib_K,8.08,COI,Lib_K,GGWACWGGWTGAACWGTWTAYCCYCC,TANACYTCNGGRTGNCCRAARAAYCA,350,4,GTCCGC,IDT_18,CTCGCA,Lib-K-WOAC_S11_L001_R1_001.fastq,Lib-K-WOAC_S11_L001_R2_001.fastq
Apr18_P8_5.2,18-Apr,P8,5,B1,B,1,16.8,Tag_7,Lib_K,Tag_7.Lib_K,10.4,COI,Lib_K,GGWACWGGWTGAACWGTWTAYCCYCC,TANACYTCNGGRTGNCCRAARAAYCA,350,4,GTCCGC,IDT_18,ATATCG,Lib-K-WOAC_S11_L001_R1_001.fastq,Lib-K-WOAC_S11_L001_R2_001.fastq
Apr18_P8_0.2,18-Apr,P8,0,C1,C,1,34.3,Tag_3,Lib_I,Tag_3.Lib_I,9.6,COI,Lib_I,GGWACWGGWTGAACWGTWTAYCCYCC,TANACYTCNGGRTGNCCRAARAAYCA,350,4,ATGTCA,IDT_15,GTCTCT,Lib-I-WOAC_S9_L001_R1_001.fastq,Lib-I-WOAC_S9_L001_R2_001.fastq
Apr18_P12_120.2,18-Apr,P12,120,D1,D,1,67.9,Tag_6,Lib_H,Tag_6.Lib_H,8.4,COI,Lib_H,GGWACWGGWTGAACWGTWTAYCCYCC,TANACYTCNGGRTGNCCRAARAAYCA,350,4,AGTTCC,IDT_14,ACGACG,Lib-H-WOAC_S8_L001_R1_001.fastq,Lib-H-WOAC_S8_L001_R2_001.fastq
Apr18_P12_5.2,18-Apr,P12,5,E1,E,1,66,Tag_10,Lib_J,Tag_10.Lib_J,14.9,COI,Lib_J,GGWACWGGWTGAACWGTWTAYCCYCC,TANACYTCNGGRTGNCCRAARAAYCA,350,4,CCGTCC,IDT_16,TGTATG,Lib-J-WOAC_S10_L001_R1_001.fastq,Lib-J-WOAC_S10_L001_R2_001.fastq
Apr18_P12_0.2,18-Apr,P12,0,F1,F,1,46.3,Tag_2,Lib_J,Tag_2.Lib_J,11.3,COI,Lib_J,GGWACWGGWTGAACWGTWTAYCCYCC,TANACYTCNGGRTGNCCRAARAAYCA,350,4,CCGTCC,IDT_16,ACAGCA,Lib-J-WOAC_S10_L001_R1_001.fastq,Lib-J-WOAC_S10_L001_R2_001.fastq
Apr18_P402_52.2,18-Apr,P402,52,G1,G,1,11.4,Tag_16,Lib_H,Tag_16.Lib_H,2.45,COI,Lib_H,GGWACWGGWTGAACWGTWTAYCCYCC,TANACYTCNGGRTGNCCRAARAAYCA,350,4,AGTTCC,IDT_14,GCGAGT,Lib-H-WOAC_S8_L001_R1_001.fastq,Lib-H-WOAC_S8_L001_R2_001.fastq
Apr18_P402_5.2,18-Apr,P402,5,H1,H,1,50.7,Tag_6,Lib_G,Tag_6.Lib_G,2.32,COI,Lib_G,GGWACWGGWTGAACWGTWTAYCCYCC,TANACYTCNGGRTGNCCRAARAAYCA,350,4,AGTCAA,IDT_13,ACGACG,Lib-G-WOAC_S7_L001_R1_001.fastq,Lib-G-WOAC_S7_L001_R2_001.fastq
Apr18_P402_0.2,18-Apr,P402,0,A2,A,2,43,Tag_8,Lib_J,Tag_8.Lib_J,5.85,COI,Lib_J,GGWACWGGWTGAACWGTWTAYCCYCC,TANACYTCNGGRTGNCCRAARAAYCA,350,4,CCGTCC,IDT_16,CTCGCA,Lib-J-WOAC_S10_L001_R1_001.fastq,Lib-J-WOAC_S10_L001_R2_001.fastq
Apr18_P38_98.2,18-Apr,P38,98,B2,B,2,14.3,Tag_13,Lib_H,Tag_13.Lib_H,8.83,COI,Lib_H,GGWACWGGWTGAACWGTWTAYCCYCC,TANACYTCNGGRTGNCCRAARAAYCA,350,4,AGTTCC,IDT_14,ATCAGT,Lib-H-WOAC_S8_L001_R1_001.fastq,Lib-H-WOAC_S8_L001_R2_001.fastq
Apr18_P38_5.2,18-Apr,P38,5,C2,C,2,335.6,Tag_1,Lib_H,Tag_1.Lib_H,11.2,COI,Lib_H,GGWACWGGWTGAACWGTWTAYCCYCC,TANACYTCNGGRTGNCCRAARAAYCA,350,4,AGTTCC,IDT_14,ACACAC,Lib-H-WOAC_S8_L001_R1_001.fastq,Lib-H-WOAC_S8_L001_R2_001.fastq
Apr18_P38_0.2,18-Apr,P38,0,D2,D,2,276.4,Tag_9,Lib_J,Tag_9.Lib_J,10.5,COI,Lib_J,GGWACWGGWTGAACWGTWTAYCCYCC,TANACYTCNGGRTGNCCRAARAAYCA,350,4,CCGTCC,IDT_16,TCGCAT,Lib-J-WOAC_S10_L001_R1_001.fastq,Lib-J-WOAC_S10_L001_R2_001.fastq
Apr18_P28_191.3,18-Apr,P28,191,E2,E,2,5.5,Tag_12,Lib_H,Tag_12.Lib_H,4.5,COI,Lib_H,GGWACWGGWTGAACWGTWTAYCCYCC,TANACYTCNGGRTGNCCRAARAAYCA,350,4,AGTTCC,IDT_14,GATGAC,Lib-H-WOAC_S8_L001_R1_001.fastq,Lib-H-WOAC_S8_L001_R2_001.fastq
Apr18_P28_10.3,18-Apr,P28,10,F2,F,2,7.7,Tag_13,Lib_K,Tag_13.Lib_K,12.1,COI,Lib_K,GGWACWGGWTGAACWGTWTAYCCYCC,TANACYTCNGGRTGNCCRAARAAYCA,350,4,GTCCGC,IDT_18,ATCAGT,Lib-K-WOAC_S11_L001_R1_001.fastq,Lib-K-WOAC_S11_L001_R2_001.fastq
Apr18_P28_0.3,18-Apr,P28,0,G2,G,2,8.8,Tag_2,Lib_K,Tag_2.Lib_K,15.7,COI,Lib_K,GGWACWGGWTGAACWGTWTAYCCYCC,TANACYTCNGGRTGNCCRAARAAYCA,350,4,GTCCGC,IDT_18,ACAGCA,Lib-K-WOAC_S11_L001_R1_001.fastq,Lib-K-WOAC_S11_L001_R2_001.fastq
Apr18_P4_57.3,18-Apr,P4,57,H2,H,2,29.8,Tag_16,Lib_I,Tag_16.Lib_I,3.02,COI,Lib_I,GGWACWGGWTGAACWGTWTAYCCYCC,TANACYTCNGGRTGNCCRAARAAYCA,350,4,ATGTCA,IDT_15,GCGAGT,Lib-I-WOAC_S9_L001_R1_001.fastq,Lib-I-WOAC_S9_L001_R2_001.fastq
Apr18_P4_5.3,18-Apr,P4,5,A3,A,3,13.2,Tag_16,Lib_G,Tag_16.Lib_G,14.3,COI,Lib_G,GGWACWGGWTGAACWGTWTAYCCYCC,TANACYTCNGGRTGNCCRAARAAYCA,350,4,AGTCAA,IDT_13,GCGAGT,Lib-G-WOAC_S7_L001_R1_001.fastq,Lib-G-WOAC_S7_L001_R2_001.fastq
Apr18_P4_0.3,18-Apr,P4,0,B3,B,3,12.3,Tag_14,Lib_H,Tag_14.Lib_H,12.6,COI,Lib_H,GGWACWGGWTGAACWGTWTAYCCYCC,TANACYTCNGGRTGNCCRAARAAYCA,350,4,AGTTCC,IDT_14,TCGTCA,Lib-H-WOAC_S8_L001_R1_001.fastq,Lib-H-WOAC_S8_L001_R2_001.fastq
Apr18_P1_0.3,18-Apr,P1,0,C3,C,3,36,Tag_11,Lib_G,Tag_11.Lib_G,12.8,COI,Lib_G,GGWACWGGWTGAACWGTWTAYCCYCC,TANACYTCNGGRTGNCCRAARAAYCA,350,4,AGTCAA,IDT_13,GCAGTG,Lib-G-WOAC_S7_L001_R1_001.fastq,Lib-G-WOAC_S7_L001_R2_001.fastq
Apr18_P22_105.3,18-Apr,P22,105,D3,D,3,1.1,Tag_4,Lib_H,Tag_4.Lib_H,7.59,COI,Lib_H,GGWACWGGWTGAACWGTWTAYCCYCC,TANACYTCNGGRTGNCCRAARAAYCA,350,4,AGTTCC,IDT_14,GCGCTC,Lib-H-WOAC_S8_L001_R1_001.fastq,Lib-H-WOAC_S8_L001_R2_001.fastq
Apr18_P22_5.3,18-Apr,P22,5,E3,E,3,5,Tag_9,Lib_K,Tag_9.Lib_K,14.3,COI,Lib_K,GGWACWGGWTGAACWGTWTAYCCYCC,TANACYTCNGGRTGNCCRAARAAYCA,350,4,GTCCGC,IDT_18,TCGCAT,Lib-K-WOAC_S11_L001_R1_001.fastq,Lib-K-WOAC_S11_L001_R2_001.fastq
Apr18_P22_0.3,18-Apr,P22,0,F3,F,3,6.1,Tag_6,Lib_I,Tag_6.Lib_I,11.7,COI,Lib_I,GGWACWGGWTGAACWGTWTAYCCYCC,TANACYTCNGGRTGNCCRAARAAYCA,350,4,ATGTCA,IDT_15,ACGACG,Lib-I-WOAC_S9_L001_R1_001.fastq,Lib-I-WOAC_S9_L001_R2_001.fastq
Apr18_P8_122.3,18-Apr,P8,122,G3,G,3,49.2,Tag_5,Lib_K,Tag_5.Lib_K,14.2,COI,Lib_K,GGWACWGGWTGAACWGTWTAYCCYCC,TANACYTCNGGRTGNCCRAARAAYCA,350,4,GTCCGC,IDT_18,ACATGT,Lib-K-WOAC_S11_L001_R1_001.fastq,Lib-K-WOAC_S11_L001_R2_001.fastq
Apr18_P8_5.3,18-Apr,P8,5,H3,H,3,16.8,Tag_3,Lib_K,Tag_3.Lib_K,13,COI,Lib_K,GGWACWGGWTGAACWGTWTAYCCYCC,TANACYTCNGGRTGNCCRAARAAYCA,350,4,GTCCGC,IDT_18,GTCTCT,Lib-K-WOAC_S11_L001_R1_001.fastq,Lib-K-WOAC_S11_L001_R2_001.fastq
Apr18_P8_0.3,18-Apr,P8,0,A4,A,4,34.3,Tag_5,Lib_G,Tag_5.Lib_G,14.1,COI,Lib_G,GGWACWGGWTGAACWGTWTAYCCYCC,TANACYTCNGGRTGNCCRAARAAYCA,350,4,AGTCAA,IDT_13,ACATGT,Lib-G-WOAC_S7_L001_R1_001.fastq,Lib-G-WOAC_S7_L001_R2_001.fastq
Apr18_P12_120.3,18-Apr,P12,120,B4,B,4,67.9,Tag_2,Lib_H,Tag_2.Lib_H,12,COI,Lib_H,GGWACWGGWTGAACWGTWTAYCCYCC,TANACYTCNGGRTGNCCRAARAAYCA,350,4,AGTTCC,IDT_14,ACAGCA,Lib-H-WOAC_S8_L001_R1_001.fastq,Lib-H-WOAC_S8_L001_R2_001.fastq
Apr18_P12_5.3,18-Apr,P12,5,C4,C,4,66,Tag_6,Lib_K,Tag_6.Lib_K,16.8,COI,Lib_K,GGWACWGGWTGAACWGTWTAYCCYCC,TANACYTCNGGRTGNCCRAARAAYCA,350,4,GTCCGC,IDT_18,ACGACG,Lib-K-WOAC_S11_L001_R1_001.fastq,Lib-K-WOAC_S11_L001_R2_001.fastq
Apr18_P12_0.3,18-Apr,P12,0,D4,D,4,46.3,Tag_3,Lib_H,Tag_3.Lib_H,15.1,COI,Lib_H,GGWACWGGWTGAACWGTWTAYCCYCC,TANACYTCNGGRTGNCCRAARAAYCA,350,4,AGTTCC,IDT_14,GTCTCT,Lib-H-WOAC_S8_L001_R1_001.fastq,Lib-H-WOAC_S8_L001_R2_001.fastq
Apr18_P402_52.3,18-Apr,P402,52,E4,E,4,11.4,Tag_4,Lib_K,Tag_4.Lib_K,12.3,COI,Lib_K,GGWACWGGWTGAACWGTWTAYCCYCC,TANACYTCNGGRTGNCCRAARAAYCA,350,4,GTCCGC,IDT_18,GCGCTC,Lib-K-WOAC_S11_L001_R1_001.fastq,Lib-K-WOAC_S11_L001_R2_001.fastq
Apr18_P402_5.3,18-Apr,P402,5,F4,F,4,50.7,Tag_10,Lib_K,Tag_10.Lib_K,9.54,COI,Lib_K,GGWACWGGWTGAACWGTWTAYCCYCC,TANACYTCNGGRTGNCCRAARAAYCA,350,4,GTCCGC,IDT_18,TGTATG,Lib-K-WOAC_S11_L001_R1_001.fastq,Lib-K-WOAC_S11_L001_R2_001.fastq
Apr18_P402_0.3,18-Apr,P402,0,G4,G,4,43,Tag_4,Lib_I,Tag_4.Lib_I,11.5,COI,Lib_I,GGWACWGGWTGAACWGTWTAYCCYCC,TANACYTCNGGRTGNCCRAARAAYCA,350,4,ATGTCA,IDT_15,GCGCTC,Lib-I-WOAC_S9_L001_R1_001.fastq,Lib-I-WOAC_S9_L001_R2_001.fastq
Apr18_P38_98.3,18-Apr,P38,98,H4,H,4,14.3,Tag_2,Lib_I,Tag_2.Lib_I,10.1,COI,Lib_I,GGWACWGGWTGAACWGTWTAYCCYCC,TANACYTCNGGRTGNCCRAARAAYCA,350,4,ATGTCA,IDT_15,ACAGCA,Lib-I-WOAC_S9_L001_R1_001.fastq,Lib-I-WOAC_S9_L001_R2_001.fastq
Apr18_P38_5.3,18-Apr,P38,5,A5,A,5,335.6,Tag_6,Lib_J,Tag_6.Lib_J,18.7,COI,Lib_J,GGWACWGGWTGAACWGTWTAYCCYCC,TANACYTCNGGRTGNCCRAARAAYCA,350,4,CCGTCC,IDT_16,ACGACG,Lib-J-WOAC_S10_L001_R1_001.fastq,Lib-J-WOAC_S10_L001_R2_001.fastq
Apr18_P38_0.3,18-Apr,P38,0,B5,B,5,276.4,Tag_13,Lib_J,Tag_13.Lib_J,19.7,COI,Lib_J,GGWACWGGWTGAACWGTWTAYCCYCC,TANACYTCNGGRTGNCCRAARAAYCA,350,4,CCGTCC,IDT_16,ATCAGT,Lib-J-WOAC_S10_L001_R1_001.fastq,Lib-J-WOAC_S10_L001_R2_001.fastq
Kangaroo.1,NA,NA,NA,C5,C,5,NA,Tag_1,Lib_G,Tag_1.Lib_G,14.3,COI,Lib_G,GGWACWGGWTGAACWGTWTAYCCYCC,TANACYTCNGGRTGNCCRAARAAYCA,350,4,AGTCAA,IDT_13,ACACAC,Lib-G-WOAC_S7_L001_R1_001.fastq,Lib-G-WOAC_S7_L001_R2_001.fastq
Sep18_P14_140.1,18-Sep,P14,140,D5,D,5,13.6,Tag_15,Lib_K,Tag_15.Lib_K,9.38,COI,Lib_K,GGWACWGGWTGAACWGTWTAYCCYCC,TANACYTCNGGRTGNCCRAARAAYCA,350,4,GTCCGC,IDT_18,CGACGC,Lib-K-WOAC_S11_L001_R1_001.fastq,Lib-K-WOAC_S11_L001_R2_001.fastq
Sep18_P14_5.1,18-Sep,P14,5,E5,E,5,188.9,Tag_9,Lib_G,Tag_9.Lib_G,16.6,COI,Lib_G,GGWACWGGWTGAACWGTWTAYCCYCC,TANACYTCNGGRTGNCCRAARAAYCA,350,4,AGTCAA,IDT_13,TCGCAT,Lib-G-WOAC_S7_L001_R1_001.fastq,Lib-G-WOAC_S7_L001_R2_001.fastq
Sep18_P14_0.1,18-Sep,P14,0,F5,F,5,120.5,Tag_11,Lib_K,Tag_11.Lib_K,17.9,COI,Lib_K,GGWACWGGWTGAACWGTWTAYCCYCC,TANACYTCNGGRTGNCCRAARAAYCA,350,4,GTCCGC,IDT_18,GCAGTG,Lib-K-WOAC_S11_L001_R1_001.fastq,Lib-K-WOAC_S11_L001_R2_001.fastq
Sep18_P12_114.1,18-Sep,P12,114,G5,G,5,7.5,Tag_9,Lib_H,Tag_9.Lib_H,8.38,COI,Lib_H,GGWACWGGWTGAACWGTWTAYCCYCC,TANACYTCNGGRTGNCCRAARAAYCA,350,4,AGTTCC,IDT_14,TCGCAT,Lib-H-WOAC_S8_L001_R1_001.fastq,Lib-H-WOAC_S8_L001_R2_001.fastq
Sep18_P12_5.1,18-Sep,P12,5,H5,H,5,61.9,Tag_15,Lib_J,Tag_15.Lib_J,11.2,COI,Lib_J,GGWACWGGWTGAACWGTWTAYCCYCC,TANACYTCNGGRTGNCCRAARAAYCA,350,4,CCGTCC,IDT_16,CGACGC,Lib-J-WOAC_S10_L001_R1_001.fastq,Lib-J-WOAC_S10_L001_R2_001.fastq
Sep18_P12_0.1,18-Sep,P12,0,A6,A,6,66.6,Tag_14,Lib_K,Tag_14.Lib_K,13.9,COI,Lib_K,GGWACWGGWTGAACWGTWTAYCCYCC,TANACYTCNGGRTGNCCRAARAAYCA,350,4,GTCCGC,IDT_18,TCGTCA,Lib-K-WOAC_S11_L001_R1_001.fastq,Lib-K-WOAC_S11_L001_R2_001.fastq
Sep18_P11_78.1,18-Sep,P11,78,B6,B,6,8.9,Tag_5,Lib_J,Tag_5.Lib_J,4.81,COI,Lib_J,GGWACWGGWTGAACWGTWTAYCCYCC,TANACYTCNGGRTGNCCRAARAAYCA,350,4,CCGTCC,IDT_16,ACATGT,Lib-J-WOAC_S10_L001_R1_001.fastq,Lib-J-WOAC_S10_L001_R2_001.fastq
Sep18_P11_5.1,18-Sep,P11,5,C6,C,6,42.3,Tag_7,Lib_I,Tag_7.Lib_I,6.41,COI,Lib_I,GGWACWGGWTGAACWGTWTAYCCYCC,TANACYTCNGGRTGNCCRAARAAYCA,350,4,ATGTCA,IDT_15,ATATCG,Lib-I-WOAC_S9_L001_R1_001.fastq,Lib-I-WOAC_S9_L001_R2_001.fastq
Sep18_P11_0.1,18-Sep,P11,0,D6,D,6,89.6,Tag_7,Lib_H,Tag_7.Lib_H,3.01,COI,Lib_H,GGWACWGGWTGAACWGTWTAYCCYCC,TANACYTCNGGRTGNCCRAARAAYCA,350,4,AGTTCC,IDT_14,ATATCG,Lib-H-WOAC_S8_L001_R1_001.fastq,Lib-H-WOAC_S8_L001_R2_001.fastq
Sep18_P402_43.1,18-Sep,P402,43,E6,E,6,22,Tag_3,Lib_G,Tag_3.Lib_G,5.74,COI,Lib_G,GGWACWGGWTGAACWGTWTAYCCYCC,TANACYTCNGGRTGNCCRAARAAYCA,350,4,AGTCAA,IDT_13,GTCTCT,Lib-G-WOAC_S7_L001_R1_001.fastq,Lib-G-WOAC_S7_L001_R2_001.fastq
Sep18_P402_5.1,18-Sep,P402,5,F6,F,6,42.8,Tag_7,Lib_G,Tag_7.Lib_G,10.3,COI,Lib_G,GGWACWGGWTGAACWGTWTAYCCYCC,TANACYTCNGGRTGNCCRAARAAYCA,350,4,AGTCAA,IDT_13,ATATCG,Lib-G-WOAC_S7_L001_R1_001.fastq,Lib-G-WOAC_S7_L001_R2_001.fastq
Sep18_P402_0.1,18-Sep,P402,0,G6,G,6,178.1,Tag_4,Lib_G,Tag_4.Lib_G,0,COI,Lib_G,GGWACWGGWTGAACWGTWTAYCCYCC,TANACYTCNGGRTGNCCRAARAAYCA,350,4,AGTCAA,IDT_13,GCGCTC,Lib-G-WOAC_S7_L001_R1_001.fastq,Lib-G-WOAC_S7_L001_R2_001.fastq
Sep18_P14_140.2,18-Sep,P14,140,H6,H,6,13.6,Tag_4,Lib_J,Tag_4.Lib_J,8.03,COI,Lib_J,GGWACWGGWTGAACWGTWTAYCCYCC,TANACYTCNGGRTGNCCRAARAAYCA,350,4,CCGTCC,IDT_16,GCGCTC,Lib-J-WOAC_S10_L001_R1_001.fastq,Lib-J-WOAC_S10_L001_R2_001.fastq
Sep18_P14_5.2,18-Sep,P14,5,A7,A,7,188.9,Tag_1,Lib_J,Tag_1.Lib_J,5.27,COI,Lib_J,GGWACWGGWTGAACWGTWTAYCCYCC,TANACYTCNGGRTGNCCRAARAAYCA,350,4,CCGTCC,IDT_16,ACACAC,Lib-J-WOAC_S10_L001_R1_001.fastq,Lib-J-WOAC_S10_L001_R2_001.fastq
Sep18_P14_0.2,18-Sep,P14,0,B7,B,7,120.5,Tag_12,Lib_I,Tag_12.Lib_I,12.7,COI,Lib_I,GGWACWGGWTGAACWGTWTAYCCYCC,TANACYTCNGGRTGNCCRAARAAYCA,350,4,ATGTCA,IDT_15,GATGAC,Lib-I-WOAC_S9_L001_R1_001.fastq,Lib-I-WOAC_S9_L001_R2_001.fastq
Sep18_P12_114.2,18-Sep,P12,114,C7,C,7,7.5,Tag_3,Lib_J,Tag_3.Lib_J,14.2,COI,Lib_J,GGWACWGGWTGAACWGTWTAYCCYCC,TANACYTCNGGRTGNCCRAARAAYCA,350,4,CCGTCC,IDT_16,GTCTCT,Lib-J-WOAC_S10_L001_R1_001.fastq,Lib-J-WOAC_S10_L001_R2_001.fastq
Sep18_P12_5.2,18-Sep,P12,5,D7,D,7,61.9,Tag_14,Lib_J,Tag_14.Lib_J,8.48,COI,Lib_J,GGWACWGGWTGAACWGTWTAYCCYCC,TANACYTCNGGRTGNCCRAARAAYCA,350,4,CCGTCC,IDT_16,TCGTCA,Lib-J-WOAC_S10_L001_R1_001.fastq,Lib-J-WOAC_S10_L001_R2_001.fastq
Sep18_P12_0.2,18-Sep,P12,0,E7,E,7,66.6,Tag_14,Lib_G,Tag_14.Lib_G,3.07,COI,Lib_G,GGWACWGGWTGAACWGTWTAYCCYCC,TANACYTCNGGRTGNCCRAARAAYCA,350,4,AGTCAA,IDT_13,TCGTCA,Lib-G-WOAC_S7_L001_R1_001.fastq,Lib-G-WOAC_S7_L001_R2_001.fastq
Sep18_P11_78.2,18-Sep,P11,78,F7,F,7,8.9,Tag_15,Lib_G,Tag_15.Lib_G,3,COI,Lib_G,GGWACWGGWTGAACWGTWTAYCCYCC,TANACYTCNGGRTGNCCRAARAAYCA,350,4,AGTCAA,IDT_13,CGACGC,Lib-G-WOAC_S7_L001_R1_001.fastq,Lib-G-WOAC_S7_L001_R2_001.fastq
Sep18_P11_5.2,18-Sep,P11,5,G7,G,7,42.3,Tag_7,Lib_J,Tag_7.Lib_J,8.01,COI,Lib_J,GGWACWGGWTGAACWGTWTAYCCYCC,TANACYTCNGGRTGNCCRAARAAYCA,350,4,CCGTCC,IDT_16,ATATCG,Lib-J-WOAC_S10_L001_R1_001.fastq,Lib-J-WOAC_S10_L001_R2_001.fastq
Sep18_P11_0.2,18-Sep,P11,0,H7,H,7,89.6,Tag_12,Lib_G,Tag_12.Lib_G,5.31,COI,Lib_G,GGWACWGGWTGAACWGTWTAYCCYCC,TANACYTCNGGRTGNCCRAARAAYCA,350,4,AGTCAA,IDT_13,GATGAC,Lib-G-WOAC_S7_L001_R1_001.fastq,Lib-G-WOAC_S7_L001_R2_001.fastq
Sep18_P402_43.2,18-Sep,P402,43,A8,A,8,22,Tag_9,Lib_I,Tag_9.Lib_I,11.4,COI,Lib_I,GGWACWGGWTGAACWGTWTAYCCYCC,TANACYTCNGGRTGNCCRAARAAYCA,350,4,ATGTCA,IDT_15,TCGCAT,Lib-I-WOAC_S9_L001_R1_001.fastq,Lib-I-WOAC_S9_L001_R2_001.fastq
Sep18_P402_5.2,18-Sep,P402,5,B8,B,8,42.8,Tag_11,Lib_J,Tag_11.Lib_J,8.77,COI,Lib_J,GGWACWGGWTGAACWGTWTAYCCYCC,TANACYTCNGGRTGNCCRAARAAYCA,350,4,CCGTCC,IDT_16,GCAGTG,Lib-J-WOAC_S10_L001_R1_001.fastq,Lib-J-WOAC_S10_L001_R2_001.fastq
Sep18_P402_0.2,18-Sep,P402,0,C8,C,8,178.1,Tag_15,Lib_I,Tag_15.Lib_I,0,COI,Lib_I,GGWACWGGWTGAACWGTWTAYCCYCC,TANACYTCNGGRTGNCCRAARAAYCA,350,4,ATGTCA,IDT_15,CGACGC,Lib-I-WOAC_S9_L001_R1_001.fastq,Lib-I-WOAC_S9_L001_R2_001.fastq
Sep18_P14_140.3,18-Sep,P14,140,D8,D,8,13.6,Tag_11,Lib_I,Tag_11.Lib_I,6.98,COI,Lib_I,GGWACWGGWTGAACWGTWTAYCCYCC,TANACYTCNGGRTGNCCRAARAAYCA,350,4,ATGTCA,IDT_15,GCAGTG,Lib-I-WOAC_S9_L001_R1_001.fastq,Lib-I-WOAC_S9_L001_R2_001.fastq
Sep18_P14_5.3,18-Sep,P14,5,E8,E,8,188.9,Tag_8,Lib_I,Tag_8.Lib_I,8.46,COI,Lib_I,GGWACWGGWTGAACWGTWTAYCCYCC,TANACYTCNGGRTGNCCRAARAAYCA,350,4,ATGTCA,IDT_15,CTCGCA,Lib-I-WOAC_S9_L001_R1_001.fastq,Lib-I-WOAC_S9_L001_R2_001.fastq
Sep18_P14_0.3,18-Sep,P14,0,F8,F,8,120.5,Tag_16,Lib_K,Tag_16.Lib_K,11.6,COI,Lib_K,GGWACWGGWTGAACWGTWTAYCCYCC,TANACYTCNGGRTGNCCRAARAAYCA,350,4,GTCCGC,IDT_18,GCGAGT,Lib-K-WOAC_S11_L001_R1_001.fastq,Lib-K-WOAC_S11_L001_R2_001.fastq
Sep18_P12_114.3,18-Sep,P12,114,G8,G,8,7.5,Tag_13,Lib_I,Tag_13.Lib_I,13,COI,Lib_I,GGWACWGGWTGAACWGTWTAYCCYCC,TANACYTCNGGRTGNCCRAARAAYCA,350,4,ATGTCA,IDT_15,ATCAGT,Lib-I-WOAC_S9_L001_R1_001.fastq,Lib-I-WOAC_S9_L001_R2_001.fastq
Sep18_P12_5.3,18-Sep,P12,5,H8,H,8,61.9,Tag_2,Lib_G,Tag_2.Lib_G,7.3,COI,Lib_G,GGWACWGGWTGAACWGTWTAYCCYCC,TANACYTCNGGRTGNCCRAARAAYCA,350,4,AGTCAA,IDT_13,ACAGCA,Lib-G-WOAC_S7_L001_R1_001.fastq,Lib-G-WOAC_S7_L001_R2_001.fastq
Sep18_P12_0.3,18-Sep,P12,0,A9,A,9,66.6,Tag_16,Lib_J,Tag_16.Lib_J,5.81,COI,Lib_J,GGWACWGGWTGAACWGTWTAYCCYCC,TANACYTCNGGRTGNCCRAARAAYCA,350,4,CCGTCC,IDT_16,GCGAGT,Lib-J-WOAC_S10_L001_R1_001.fastq,Lib-J-WOAC_S10_L001_R2_001.fastq
Sep18_P11_78.3,18-Sep,P11,78,B9,B,9,8.9,Tag_14,Lib_I,Tag_14.Lib_I,4.16,COI,Lib_I,GGWACWGGWTGAACWGTWTAYCCYCC,TANACYTCNGGRTGNCCRAARAAYCA,350,4,ATGTCA,IDT_15,TCGTCA,Lib-I-WOAC_S9_L001_R1_001.fastq,Lib-I-WOAC_S9_L001_R2_001.fastq
Sep18_P11_5.3,18-Sep,P11,5,C9,C,9,42.3,Tag_12,Lib_J,Tag_12.Lib_J,0,COI,Lib_J,GGWACWGGWTGAACWGTWTAYCCYCC,TANACYTCNGGRTGNCCRAARAAYCA,350,4,CCGTCC,IDT_16,GATGAC,Lib-J-WOAC_S10_L001_R1_001.fastq,Lib-J-WOAC_S10_L001_R2_001.fastq
Sep18_P11_0.3,18-Sep,P11,0,D9,D,9,89.6,Tag_1,Lib_K,Tag_1.Lib_K,7.06,COI,Lib_K,GGWACWGGWTGAACWGTWTAYCCYCC,TANACYTCNGGRTGNCCRAARAAYCA,350,4,GTCCGC,IDT_18,ACACAC,Lib-K-WOAC_S11_L001_R1_001.fastq,Lib-K-WOAC_S11_L001_R2_001.fastq
Sep18_P402_43.3,18-Sep,P402,43,E9,E,9,22,Tag_15,Lib_H,Tag_15.Lib_H,15.4,COI,Lib_H,GGWACWGGWTGAACWGTWTAYCCYCC,TANACYTCNGGRTGNCCRAARAAYCA,350,4,AGTTCC,IDT_14,CGACGC,Lib-H-WOAC_S8_L001_R1_001.fastq,Lib-H-WOAC_S8_L001_R2_001.fastq
Sep18_P402_5.3,18-Sep,P402,5,F9,F,9,42.8,Tag_11,Lib_H,Tag_11.Lib_H,7.81,COI,Lib_H,GGWACWGGWTGAACWGTWTAYCCYCC,TANACYTCNGGRTGNCCRAARAAYCA,350,4,AGTTCC,IDT_14,GCAGTG,Lib-H-WOAC_S8_L001_R1_001.fastq,Lib-H-WOAC_S8_L001_R2_001.fastq
Sep18_P402_0.3,18-Sep,P402,0,G9,G,9,178.1,Tag_10,Lib_G,Tag_10.Lib_G,0,COI,Lib_G,GGWACWGGWTGAACWGTWTAYCCYCC,TANACYTCNGGRTGNCCRAARAAYCA,350,4,AGTCAA,IDT_13,TGTATG,Lib-G-WOAC_S7_L001_R1_001.fastq,Lib-G-WOAC_S7_L001_R2_001.fastq
Kangaroo.2,NA,NA,NA,H9,H,9,NA,Tag_8,Lib_H,Tag_8.Lib_H,12.6,COI,Lib_H,GGWACWGGWTGAACWGTWTAYCCYCC,TANACYTCNGGRTGNCCRAARAAYCA,350,4,AGTTCC,IDT_14,CTCGCA,Lib-H-WOAC_S8_L001_R1_001.fastq,Lib-H-WOAC_S8_L001_R2_001.fastq
Sep17_P28_86.1,17-Sep,P28,86,A1,NA,NA,18.4,Tag_2,Lib_E,Tag_2.Lib_E,6.51,COI,Lib_E,GGWACWGGWTGAACWGTWTAYCCYCC,TANACYTCNGGRTGNCCRAARAAYCA,350,4,CAGATC,IDT_7,ACAGCA,Lib-E-WOAC_S5_L001_R1_001.fastq,Lib-E-WOAC_S5_L001_R2_001.fastq
Sep17_P28_10.1,17-Sep,P28,10,B1,NA,NA,15,Tag_16,Lib_F,Tag_16.Lib_F,3.79,COI,Lib_F,GGWACWGGWTGAACWGTWTAYCCYCC,TANACYTCNGGRTGNCCRAARAAYCA,350,4,CTTGTA,IDT_12,GCGAGT,Lib-F-WOAC_S6_L001_R1_001.fastq,Lib-F-WOAC_S6_L001_R2_001.fastq
Sep17_P28_0.1,17-Sep,P28,0,C1,NA,NA,12.6,Tag_7,Lib_C,Tag_7.Lib_C,5.69,COI,Lib_C,GGWACWGGWTGAACWGTWTAYCCYCC,TANACYTCNGGRTGNCCRAARAAYCA,350,4,ACAGTG,IDT_5,ATATCG,Lib-C-WOAC_S3_L001_R1_001.fastq,Lib-C-WOAC_S3_L001_R2_001.fastq
Sep17_P4_79.1,17-Sep,P4,79,D1,NA,NA,8.1,Tag_6,Lib_E,Tag_6.Lib_E,5.84,COI,Lib_E,GGWACWGGWTGAACWGTWTAYCCYCC,TANACYTCNGGRTGNCCRAARAAYCA,350,4,CAGATC,IDT_7,ACGACG,Lib-E-WOAC_S5_L001_R1_001.fastq,Lib-E-WOAC_S5_L001_R2_001.fastq
Sep17_P4_5.1,17-Sep,P4,5,E1,NA,NA,76.1,Tag_13,Lib_F,Tag_13.Lib_F,9.76,COI,Lib_F,GGWACWGGWTGAACWGTWTAYCCYCC,TANACYTCNGGRTGNCCRAARAAYCA,350,4,CTTGTA,IDT_12,ATCAGT,Lib-F-WOAC_S6_L001_R1_001.fastq,Lib-F-WOAC_S6_L001_R2_001.fastq
Sep17_P4_0.1,17-Sep,P4,0,F1,NA,NA,30.4,Tag_7,Lib_E,Tag_7.Lib_E,9.39,COI,Lib_E,GGWACWGGWTGAACWGTWTAYCCYCC,TANACYTCNGGRTGNCCRAARAAYCA,350,4,CAGATC,IDT_7,ATATCG,Lib-E-WOAC_S5_L001_R1_001.fastq,Lib-E-WOAC_S5_L001_R2_001.fastq
Sep17_P22_86.1,17-Sep,P22,86,G1,NA,NA,17.5,Tag_11,Lib_A,Tag_11.Lib_A,2.77,COI,Lib_A,GGWACWGGWTGAACWGTWTAYCCYCC,TANACYTCNGGRTGNCCRAARAAYCA,350,4,CGATGT,IDT_2,GCAGTG,Lib-A-WOAC_S1_L001_R1_001.fastq,Lib-A-WOAC_S1_L001_R2_001.fastq
Sep17_P22_5.1,17-Sep,P22,5,H1,NA,NA,91.1,Tag_3,Lib_F,Tag_3.Lib_F,3.93,COI,Lib_F,GGWACWGGWTGAACWGTWTAYCCYCC,TANACYTCNGGRTGNCCRAARAAYCA,350,4,CTTGTA,IDT_12,GTCTCT,Lib-F-WOAC_S6_L001_R1_001.fastq,Lib-F-WOAC_S6_L001_R2_001.fastq
Sep17_P22_0.1,17-Sep,P22,0,A2,NA,NA,25.6,Tag_10,Lib_B,Tag_10.Lib_B,1.06,COI,Lib_B,GGWACWGGWTGAACWGTWTAYCCYCC,TANACYTCNGGRTGNCCRAARAAYCA,350,4,TGACCA,IDT_4,TGTATG,Lib-B-WOAC_S2_L001_R1_001.fastq,Lib-B-WOAC_S2_L001_R2_001.fastq
Sep17_P8_121.1,17-Sep,P8,121,B2,NA,NA,20.9,Tag_9,Lib_E,Tag_9.Lib_E,3.52,COI,Lib_E,GGWACWGGWTGAACWGTWTAYCCYCC,TANACYTCNGGRTGNCCRAARAAYCA,350,4,CAGATC,IDT_7,TCGCAT,Lib-E-WOAC_S5_L001_R1_001.fastq,Lib-E-WOAC_S5_L001_R2_001.fastq
Sep17_P8_5.1,17-Sep,P8,5,C2,NA,NA,35.4,Tag_9,Lib_A,Tag_9.Lib_A,2.33,COI,Lib_A,GGWACWGGWTGAACWGTWTAYCCYCC,TANACYTCNGGRTGNCCRAARAAYCA,350,4,CGATGT,IDT_2,TCGCAT,Lib-A-WOAC_S1_L001_R1_001.fastq,Lib-A-WOAC_S1_L001_R2_001.fastq
Sep17_P8_0.1,17-Sep,P8,0,D2,NA,NA,69.4,Tag_10,Lib_D,Tag_10.Lib_D,NA,COI,Lib_D,GGWACWGGWTGAACWGTWTAYCCYCC,TANACYTCNGGRTGNCCRAARAAYCA,350,4,GCCAAT,IDT_6,TGTATG,Lib-D-WOAC_S4_L001_R1_001.fastq,Lib-D-WOAC_S4_L001_R2_001.fastq
Sep17_P12_115.1,17-Sep,P12,115,E2,NA,NA,15.9,Tag_15,Lib_E,Tag_15.Lib_E,5.21,COI,Lib_E,GGWACWGGWTGAACWGTWTAYCCYCC,TANACYTCNGGRTGNCCRAARAAYCA,350,4,CAGATC,IDT_7,CGACGC,Lib-E-WOAC_S5_L001_R1_001.fastq,Lib-E-WOAC_S5_L001_R2_001.fastq
Sep17_P12_5.1,17-Sep,P12,5,F2,NA,NA,90.3,Tag_12,Lib_F,Tag_12.Lib_F,17.9,COI,Lib_F,GGWACWGGWTGAACWGTWTAYCCYCC,TANACYTCNGGRTGNCCRAARAAYCA,350,4,CTTGTA,IDT_12,GATGAC,Lib-F-WOAC_S6_L001_R1_001.fastq,Lib-F-WOAC_S6_L001_R2_001.fastq
Sep17_P12_0.1,17-Sep,P12,0,G2,NA,NA,94.2,Tag_14,Lib_C,Tag_14.Lib_C,17.9,COI,Lib_C,GGWACWGGWTGAACWGTWTAYCCYCC,TANACYTCNGGRTGNCCRAARAAYCA,350,4,ACAGTG,IDT_5,TCGTCA,Lib-C-WOAC_S3_L001_R1_001.fastq,Lib-C-WOAC_S3_L001_R2_001.fastq
Sep17_P402_43.1,17-Sep,P402,43,H2,NA,NA,21.3,Tag_5,Lib_B,Tag_5.Lib_B,10.5,COI,Lib_B,GGWACWGGWTGAACWGTWTAYCCYCC,TANACYTCNGGRTGNCCRAARAAYCA,350,4,TGACCA,IDT_4,ACATGT,Lib-B-WOAC_S2_L001_R1_001.fastq,Lib-B-WOAC_S2_L001_R2_001.fastq
Sep17_P402_5.1,17-Sep,P402,5,A3,NA,NA,159.2,Tag_13,Lib_E,Tag_13.Lib_E,30.8,COI,Lib_E,GGWACWGGWTGAACWGTWTAYCCYCC,TANACYTCNGGRTGNCCRAARAAYCA,350,4,CAGATC,IDT_7,ATCAGT,Lib-E-WOAC_S5_L001_R1_001.fastq,Lib-E-WOAC_S5_L001_R2_001.fastq
Sep17_P402_0.1,17-Sep,P402,0,B3,NA,NA,66.3,Tag_2,Lib_C,Tag_2.Lib_C,9.02,COI,Lib_C,GGWACWGGWTGAACWGTWTAYCCYCC,TANACYTCNGGRTGNCCRAARAAYCA,350,4,ACAGTG,IDT_5,ACAGCA,Lib-C-WOAC_S3_L001_R1_001.fastq,Lib-C-WOAC_S3_L001_R2_001.fastq
Sep17_P38_86.1,17-Sep,P38,86,C3,NA,NA,25.5,Tag_1,Lib_A,Tag_1.Lib_A,20.5,COI,Lib_A,GGWACWGGWTGAACWGTWTAYCCYCC,TANACYTCNGGRTGNCCRAARAAYCA,350,4,CGATGT,IDT_2,ACACAC,Lib-A-WOAC_S1_L001_R1_001.fastq,Lib-A-WOAC_S1_L001_R2_001.fastq
Sep17_P38_5.1,17-Sep,P38,5,D3,NA,NA,14,Tag_10,Lib_C,Tag_10.Lib_C,8.1,COI,Lib_C,GGWACWGGWTGAACWGTWTAYCCYCC,TANACYTCNGGRTGNCCRAARAAYCA,350,4,ACAGTG,IDT_5,TGTATG,Lib-C-WOAC_S3_L001_R1_001.fastq,Lib-C-WOAC_S3_L001_R2_001.fastq
Sep17_P38_0.1,17-Sep,P38,0,E3,NA,NA,48.8,Tag_7,Lib_A,Tag_7.Lib_A,3.2,COI,Lib_A,GGWACWGGWTGAACWGTWTAYCCYCC,TANACYTCNGGRTGNCCRAARAAYCA,350,4,CGATGT,IDT_2,ATATCG,Lib-A-WOAC_S1_L001_R1_001.fastq,Lib-A-WOAC_S1_L001_R2_001.fastq
Sep17_P28_86.12,17-Sep,P28,86,F3,NA,NA,18.4,Tag_6,Lib_F,Tag_6.Lib_F,9.89,COI,Lib_F,GGWACWGGWTGAACWGTWTAYCCYCC,TANACYTCNGGRTGNCCRAARAAYCA,350,4,CTTGTA,IDT_12,ACGACG,Lib-F-WOAC_S6_L001_R1_001.fastq,Lib-F-WOAC_S6_L001_R2_001.fastq
Sep17_P28_10.2,17-Sep,P28,10,G3,NA,NA,15,Tag_13,Lib_A,Tag_13.Lib_A,15.8,COI,Lib_A,GGWACWGGWTGAACWGTWTAYCCYCC,TANACYTCNGGRTGNCCRAARAAYCA,350,4,CGATGT,IDT_2,ATCAGT,Lib-A-WOAC_S1_L001_R1_001.fastq,Lib-A-WOAC_S1_L001_R2_001.fastq
Sep17_P28_0.2,17-Sep,P28,0,H3,NA,NA,12.6,Tag_16,Lib_B,Tag_16.Lib_B,14.5,COI,Lib_B,GGWACWGGWTGAACWGTWTAYCCYCC,TANACYTCNGGRTGNCCRAARAAYCA,350,4,TGACCA,IDT_4,GCGAGT,Lib-B-WOAC_S2_L001_R1_001.fastq,Lib-B-WOAC_S2_L001_R2_001.fastq
Sep17_P4_79.2,17-Sep,P4,79,A4,NA,NA,8.1,Tag_2,Lib_F,Tag_2.Lib_F,3.61,COI,Lib_F,GGWACWGGWTGAACWGTWTAYCCYCC,TANACYTCNGGRTGNCCRAARAAYCA,350,4,CTTGTA,IDT_12,ACAGCA,Lib-F-WOAC_S6_L001_R1_001.fastq,Lib-F-WOAC_S6_L001_R2_001.fastq
Sep17_P4_5.2,17-Sep,P4,5,B4,NA,NA,76.1,Tag_5,Lib_C,Tag_5.Lib_C,13.2,COI,Lib_C,GGWACWGGWTGAACWGTWTAYCCYCC,TANACYTCNGGRTGNCCRAARAAYCA,350,4,ACAGTG,IDT_5,ACATGT,Lib-C-WOAC_S3_L001_R1_001.fastq,Lib-C-WOAC_S3_L001_R2_001.fastq
Sep17_P4_0.2,17-Sep,P4,0,C4,NA,NA,30.4,Tag_3,Lib_B,Tag_3.Lib_B,9.43,COI,Lib_B,GGWACWGGWTGAACWGTWTAYCCYCC,TANACYTCNGGRTGNCCRAARAAYCA,350,4,TGACCA,IDT_4,GTCTCT,Lib-B-WOAC_S2_L001_R1_001.fastq,Lib-B-WOAC_S2_L001_R2_001.fastq
Sep17_P22_86.2,17-Sep,P22,86,D4,NA,NA,17.5,Tag_12,Lib_D,Tag_12.Lib_D,7.49,COI,Lib_D,GGWACWGGWTGAACWGTWTAYCCYCC,TANACYTCNGGRTGNCCRAARAAYCA,350,4,GCCAAT,IDT_6,GATGAC,Lib-D-WOAC_S4_L001_R1_001.fastq,Lib-D-WOAC_S4_L001_R2_001.fastq
Sep17_P22_5.2,17-Sep,P22,5,E4,NA,NA,91.1,Tag_6,Lib_C,Tag_6.Lib_C,11,COI,Lib_C,GGWACWGGWTGAACWGTWTAYCCYCC,TANACYTCNGGRTGNCCRAARAAYCA,350,4,ACAGTG,IDT_5,ACGACG,Lib-C-WOAC_S3_L001_R1_001.fastq,Lib-C-WOAC_S3_L001_R2_001.fastq
Sep17_P22_0.2,17-Sep,P22,0,F4,NA,NA,25.6,Tag_4,Lib_F,Tag_4.Lib_F,14,COI,Lib_F,GGWACWGGWTGAACWGTWTAYCCYCC,TANACYTCNGGRTGNCCRAARAAYCA,350,4,CTTGTA,IDT_12,GCGCTC,Lib-F-WOAC_S6_L001_R1_001.fastq,Lib-F-WOAC_S6_L001_R2_001.fastq
Sep17_P8_121.2,17-Sep,P8,121,G4,NA,NA,20.9,Tag_1,Lib_B,Tag_1.Lib_B,11.7,COI,Lib_B,GGWACWGGWTGAACWGTWTAYCCYCC,TANACYTCNGGRTGNCCRAARAAYCA,350,4,TGACCA,IDT_4,ACACAC,Lib-B-WOAC_S2_L001_R1_001.fastq,Lib-B-WOAC_S2_L001_R2_001.fastq
Sep17_P8_5.2,17-Sep,P8,5,H4,NA,NA,35.4,Tag_11,Lib_B,Tag_11.Lib_B,8.04,COI,Lib_B,GGWACWGGWTGAACWGTWTAYCCYCC,TANACYTCNGGRTGNCCRAARAAYCA,350,4,TGACCA,IDT_4,GCAGTG,Lib-B-WOAC_S2_L001_R1_001.fastq,Lib-B-WOAC_S2_L001_R2_001.fastq
Sep17_P8_0.2,17-Sep,P8,0,A5,NA,NA,69.4,Tag_6,Lib_D,Tag_6.Lib_D,NA,COI,Lib_D,GGWACWGGWTGAACWGTWTAYCCYCC,TANACYTCNGGRTGNCCRAARAAYCA,350,4,GCCAAT,IDT_6,ACGACG,Lib-D-WOAC_S4_L001_R1_001.fastq,Lib-D-WOAC_S4_L001_R2_001.fastq
Sep17_P12_115.2,17-Sep,P12,115,B5,NA,NA,15.9,Tag_12,Lib_E,Tag_12.Lib_E,7.37,COI,Lib_E,GGWACWGGWTGAACWGTWTAYCCYCC,TANACYTCNGGRTGNCCRAARAAYCA,350,4,CAGATC,IDT_7,GATGAC,Lib-E-WOAC_S5_L001_R1_001.fastq,Lib-E-WOAC_S5_L001_R2_001.fastq
Sep17_P12_5.2,17-Sep,P12,5,C5,NA,NA,90.3,Tag_16,Lib_E,Tag_16.Lib_E,16.5,COI,Lib_E,GGWACWGGWTGAACWGTWTAYCCYCC,TANACYTCNGGRTGNCCRAARAAYCA,350,4,CAGATC,IDT_7,GCGAGT,Lib-E-WOAC_S5_L001_R1_001.fastq,Lib-E-WOAC_S5_L001_R2_001.fastq
Sep17_P12_0.2,17-Sep,P12,0,D5,NA,NA,94.2,Tag_8,Lib_B,Tag_8.Lib_B,21.3,COI,Lib_B,GGWACWGGWTGAACWGTWTAYCCYCC,TANACYTCNGGRTGNCCRAARAAYCA,350,4,TGACCA,IDT_4,CTCGCA,Lib-B-WOAC_S2_L001_R1_001.fastq,Lib-B-WOAC_S2_L001_R2_001.fastq
Sep17_P402_43.2,17-Sep,P402,43,E5,NA,NA,21.3,Tag_14,Lib_E,Tag_14.Lib_E,4.99,COI,Lib_E,GGWACWGGWTGAACWGTWTAYCCYCC,TANACYTCNGGRTGNCCRAARAAYCA,350,4,CAGATC,IDT_7,TCGTCA,Lib-E-WOAC_S5_L001_R1_001.fastq,Lib-E-WOAC_S5_L001_R2_001.fastq
Sep17_P402_5.2,17-Sep,P402,5,F5,NA,NA,159.2,Tag_10,Lib_F,Tag_10.Lib_F,20,COI,Lib_F,GGWACWGGWTGAACWGTWTAYCCYCC,TANACYTCNGGRTGNCCRAARAAYCA,350,4,CTTGTA,IDT_12,TGTATG,Lib-F-WOAC_S6_L001_R1_001.fastq,Lib-F-WOAC_S6_L001_R2_001.fastq
Sep17_P402_0.2,17-Sep,P402,0,G5,NA,NA,66.3,Tag_12,Lib_B,Tag_12.Lib_B,11,COI,Lib_B,GGWACWGGWTGAACWGTWTAYCCYCC,TANACYTCNGGRTGNCCRAARAAYCA,350,4,TGACCA,IDT_4,GATGAC,Lib-B-WOAC_S2_L001_R1_001.fastq,Lib-B-WOAC_S2_L001_R2_001.fastq
Sep17_P38_86.2,17-Sep,P38,86,H5,NA,NA,25.5,Tag_8,Lib_A,Tag_8.Lib_A,12.7,COI,Lib_A,GGWACWGGWTGAACWGTWTAYCCYCC,TANACYTCNGGRTGNCCRAARAAYCA,350,4,CGATGT,IDT_2,CTCGCA,Lib-A-WOAC_S1_L001_R1_001.fastq,Lib-A-WOAC_S1_L001_R2_001.fastq
Sep17_P38_5.2,17-Sep,P38,5,A6,NA,NA,14,Tag_13,Lib_D,Tag_13.Lib_D,7.47,COI,Lib_D,GGWACWGGWTGAACWGTWTAYCCYCC,TANACYTCNGGRTGNCCRAARAAYCA,350,4,GCCAAT,IDT_6,ATCAGT,Lib-D-WOAC_S4_L001_R1_001.fastq,Lib-D-WOAC_S4_L001_R2_001.fastq
Sep17_P38_0.2,17-Sep,P38,0,B6,NA,NA,48.8,Tag_5,Lib_D,Tag_5.Lib_D,NA,COI,Lib_D,GGWACWGGWTGAACWGTWTAYCCYCC,TANACYTCNGGRTGNCCRAARAAYCA,350,4,GCCAAT,IDT_6,ACATGT,Lib-D-WOAC_S4_L001_R1_001.fastq,Lib-D-WOAC_S4_L001_R2_001.fastq
Sep17_P28_86.3,17-Sep,P28,86,C6,NA,NA,18.4,Tag_11,Lib_D,Tag_11.Lib_D,2.03,COI,Lib_D,GGWACWGGWTGAACWGTWTAYCCYCC,TANACYTCNGGRTGNCCRAARAAYCA,350,4,GCCAAT,IDT_6,GCAGTG,Lib-D-WOAC_S4_L001_R1_001.fastq,Lib-D-WOAC_S4_L001_R2_001.fastq
Sep17_P28_10.3,17-Sep,P28,10,D6,NA,NA,15,Tag_11,Lib_E,Tag_11.Lib_E,6.3,COI,Lib_E,GGWACWGGWTGAACWGTWTAYCCYCC,TANACYTCNGGRTGNCCRAARAAYCA,350,4,CAGATC,IDT_7,GCAGTG,Lib-E-WOAC_S5_L001_R1_001.fastq,Lib-E-WOAC_S5_L001_R2_001.fastq
Sep17_P28_0.3,17-Sep,P28,0,E6,NA,NA,12.6,Tag_9,Lib_D,Tag_9.Lib_D,6.07,COI,Lib_D,GGWACWGGWTGAACWGTWTAYCCYCC,TANACYTCNGGRTGNCCRAARAAYCA,350,4,GCCAAT,IDT_6,TCGCAT,Lib-D-WOAC_S4_L001_R1_001.fastq,Lib-D-WOAC_S4_L001_R2_001.fastq
Sep17_P4_79.3,17-Sep,P4,79,F6,NA,NA,8.1,Tag_12,Lib_C,Tag_12.Lib_C,3.13,COI,Lib_C,GGWACWGGWTGAACWGTWTAYCCYCC,TANACYTCNGGRTGNCCRAARAAYCA,350,4,ACAGTG,IDT_5,GATGAC,Lib-C-WOAC_S3_L001_R1_001.fastq,Lib-C-WOAC_S3_L001_R2_001.fastq
Sep17_P4_5.3,17-Sep,P4,5,G6,NA,NA,76.1,Tag_3,Lib_D,Tag_3.Lib_D,4.21,COI,Lib_D,GGWACWGGWTGAACWGTWTAYCCYCC,TANACYTCNGGRTGNCCRAARAAYCA,350,4,GCCAAT,IDT_6,GTCTCT,Lib-D-WOAC_S4_L001_R1_001.fastq,Lib-D-WOAC_S4_L001_R2_001.fastq
Sep17_P4_0.3,17-Sep,P4,0,H6,NA,NA,30.4,Tag_14,Lib_D,Tag_14.Lib_D,9.18,COI,Lib_D,GGWACWGGWTGAACWGTWTAYCCYCC,TANACYTCNGGRTGNCCRAARAAYCA,350,4,GCCAAT,IDT_6,TCGTCA,Lib-D-WOAC_S4_L001_R1_001.fastq,Lib-D-WOAC_S4_L001_R2_001.fastq
Sep17_P22_86.3,17-Sep,P22,86,A7,NA,NA,17.5,Tag_11,Lib_C,Tag_11.Lib_C,2.74,COI,Lib_C,GGWACWGGWTGAACWGTWTAYCCYCC,TANACYTCNGGRTGNCCRAARAAYCA,350,4,ACAGTG,IDT_5,GCAGTG,Lib-C-WOAC_S3_L001_R1_001.fastq,Lib-C-WOAC_S3_L001_R2_001.fastq
Sep17_P22_5.3,17-Sep,P22,5,B7,NA,NA,91.1,Tag_4,Lib_B,Tag_4.Lib_B,11.5,COI,Lib_B,GGWACWGGWTGAACWGTWTAYCCYCC,TANACYTCNGGRTGNCCRAARAAYCA,350,4,TGACCA,IDT_4,GCGCTC,Lib-B-WOAC_S2_L001_R1_001.fastq,Lib-B-WOAC_S2_L001_R2_001.fastq
Sep17_P22_0.3,17-Sep,P22,0,C7,NA,NA,25.6,Tag_1,Lib_E,Tag_1.Lib_E,14,COI,Lib_E,GGWACWGGWTGAACWGTWTAYCCYCC,TANACYTCNGGRTGNCCRAARAAYCA,350,4,CAGATC,IDT_7,ACACAC,Lib-E-WOAC_S5_L001_R1_001.fastq,Lib-E-WOAC_S5_L001_R2_001.fastq
Sep17_P8_121.3,17-Sep,P8,121,D7,NA,NA,20.9,Tag_8,Lib_C,Tag_8.Lib_C,6.57,COI,Lib_C,GGWACWGGWTGAACWGTWTAYCCYCC,TANACYTCNGGRTGNCCRAARAAYCA,350,4,ACAGTG,IDT_5,CTCGCA,Lib-C-WOAC_S3_L001_R1_001.fastq,Lib-C-WOAC_S3_L001_R2_001.fastq
Sep17_P8_5.3,17-Sep,P8,5,E7,NA,NA,35.4,Tag_6,Lib_A,Tag_6.Lib_A,8.65,COI,Lib_A,GGWACWGGWTGAACWGTWTAYCCYCC,TANACYTCNGGRTGNCCRAARAAYCA,350,4,CGATGT,IDT_2,ACGACG,Lib-A-WOAC_S1_L001_R1_001.fastq,Lib-A-WOAC_S1_L001_R2_001.fastq
Sep17_P8_0.3,17-Sep,P8,0,F7,NA,NA,69.4,Tag_4,Lib_C,Tag_4.Lib_C,NA,COI,Lib_C,GGWACWGGWTGAACWGTWTAYCCYCC,TANACYTCNGGRTGNCCRAARAAYCA,350,4,ACAGTG,IDT_5,GCGCTC,Lib-C-WOAC_S3_L001_R1_001.fastq,Lib-C-WOAC_S3_L001_R2_001.fastq
Sep17_P12_115.3,17-Sep,P12,115,G7,NA,NA,15.9,Tag_7,Lib_B,Tag_7.Lib_B,6.63,COI,Lib_B,GGWACWGGWTGAACWGTWTAYCCYCC,TANACYTCNGGRTGNCCRAARAAYCA,350,4,TGACCA,IDT_4,ATATCG,Lib-B-WOAC_S2_L001_R1_001.fastq,Lib-B-WOAC_S2_L001_R2_001.fastq
Sep17_P12_5.3,17-Sep,P12,5,H7,NA,NA,90.3,Tag_3,Lib_C,Tag_3.Lib_C,15.7,COI,Lib_C,GGWACWGGWTGAACWGTWTAYCCYCC,TANACYTCNGGRTGNCCRAARAAYCA,350,4,ACAGTG,IDT_5,GTCTCT,Lib-C-WOAC_S3_L001_R1_001.fastq,Lib-C-WOAC_S3_L001_R2_001.fastq
Sep17_P12_0.3,17-Sep,P12,0,A8,NA,NA,94.2,Tag_9,Lib_C,Tag_9.Lib_C,18.2,COI,Lib_C,GGWACWGGWTGAACWGTWTAYCCYCC,TANACYTCNGGRTGNCCRAARAAYCA,350,4,ACAGTG,IDT_5,TCGCAT,Lib-C-WOAC_S3_L001_R1_001.fastq,Lib-C-WOAC_S3_L001_R2_001.fastq
Sep17_P402_43.3,17-Sep,P402,43,B8,NA,NA,21.3,Tag_9,Lib_F,Tag_9.Lib_F,10,COI,Lib_F,GGWACWGGWTGAACWGTWTAYCCYCC,TANACYTCNGGRTGNCCRAARAAYCA,350,4,CTTGTA,IDT_12,TCGCAT,Lib-F-WOAC_S6_L001_R1_001.fastq,Lib-F-WOAC_S6_L001_R2_001.fastq
Sep17_P402_5.3,17-Sep,P402,5,C8,NA,NA,159.2,Tag_1,Lib_D,Tag_1.Lib_D,21.4,COI,Lib_D,GGWACWGGWTGAACWGTWTAYCCYCC,TANACYTCNGGRTGNCCRAARAAYCA,350,4,GCCAAT,IDT_6,ACACAC,Lib-D-WOAC_S4_L001_R1_001.fastq,Lib-D-WOAC_S4_L001_R2_001.fastq
Sep17_P402_0.3,17-Sep,P402,0,D8,NA,NA,66.3,Tag_2,Lib_B,Tag_2.Lib_B,4.17,COI,Lib_B,GGWACWGGWTGAACWGTWTAYCCYCC,TANACYTCNGGRTGNCCRAARAAYCA,350,4,TGACCA,IDT_4,ACAGCA,Lib-B-WOAC_S2_L001_R1_001.fastq,Lib-B-WOAC_S2_L001_R2_001.fastq
Sep17_P38_86.3,17-Sep,P38,86,E8,NA,NA,25.5,Tag_10,Lib_A,Tag_10.Lib_A,10.2,COI,Lib_A,GGWACWGGWTGAACWGTWTAYCCYCC,TANACYTCNGGRTGNCCRAARAAYCA,350,4,CGATGT,IDT_2,TGTATG,Lib-A-WOAC_S1_L001_R1_001.fastq,Lib-A-WOAC_S1_L001_R2_001.fastq
Sep17_P38_5.3,17-Sep,P38,5,F8,NA,NA,14,Tag_15,Lib_F,Tag_15.Lib_F,8.8,COI,Lib_F,GGWACWGGWTGAACWGTWTAYCCYCC,TANACYTCNGGRTGNCCRAARAAYCA,350,4,CTTGTA,IDT_12,CGACGC,Lib-F-WOAC_S6_L001_R1_001.fastq,Lib-F-WOAC_S6_L001_R2_001.fastq
Sep17_P38_0.3,17-Sep,P38,0,G8,NA,NA,48.8,Tag_14,Lib_F,Tag_14.Lib_F,NA,COI,Lib_F,GGWACWGGWTGAACWGTWTAYCCYCC,TANACYTCNGGRTGNCCRAARAAYCA,350,4,CTTGTA,IDT_12,TCGTCA,Lib-F-WOAC_S6_L001_R1_001.fastq,Lib-F-WOAC_S6_L001_R2_001.fastq
Kangaroo.3,NA,NA,NA,H8,NA,NA,NA,Tag_4,Lib_D,Tag_4.Lib_D,8.12,COI,Lib_D,GGWACWGGWTGAACWGTWTAYCCYCC,TANACYTCNGGRTGNCCRAARAAYCA,350,4,GCCAAT,IDT_6,GCGCTC,Lib-D-WOAC_S4_L001_R1_001.fastq,Lib-D-WOAC_S4_L001_R2_001.fastq
Apr18_P28_191.1,18-Apr,P28,191,A9,NA,NA,5.5,Tag_7,Lib_F,Tag_7.Lib_F,7.44,COI,Lib_F,GGWACWGGWTGAACWGTWTAYCCYCC,TANACYTCNGGRTGNCCRAARAAYCA,350,4,CTTGTA,IDT_12,ATATCG,Lib-F-WOAC_S6_L001_R1_001.fastq,Lib-F-WOAC_S6_L001_R2_001.fastq
Apr18_P28_10.1,18-Apr,P28,10,B9,NA,NA,7.7,Tag_9,Lib_B,Tag_9.Lib_B,8.62,COI,Lib_B,GGWACWGGWTGAACWGTWTAYCCYCC,TANACYTCNGGRTGNCCRAARAAYCA,350,4,TGACCA,IDT_4,TCGCAT,Lib-B-WOAC_S2_L001_R1_001.fastq,Lib-B-WOAC_S2_L001_R2_001.fastq
Apr18_P28_0.1,18-Apr,P28,0,C9,NA,NA,8.8,Tag_15,Lib_B,Tag_15.Lib_B,4.27,COI,Lib_B,GGWACWGGWTGAACWGTWTAYCCYCC,TANACYTCNGGRTGNCCRAARAAYCA,350,4,TGACCA,IDT_4,CGACGC,Lib-B-WOAC_S2_L001_R1_001.fastq,Lib-B-WOAC_S2_L001_R2_001.fastq
Apr18_P4_57.1,18-Apr,P4,57,D9,NA,NA,29.8,Tag_13,Lib_B,Tag_13.Lib_B,7.58,COI,Lib_B,GGWACWGGWTGAACWGTWTAYCCYCC,TANACYTCNGGRTGNCCRAARAAYCA,350,4,TGACCA,IDT_4,ATCAGT,Lib-B-WOAC_S2_L001_R1_001.fastq,Lib-B-WOAC_S2_L001_R2_001.fastq
Apr18_P4_5.1,18-Apr,P4,5,E9,NA,NA,13.2,Tag_4,Lib_E,Tag_4.Lib_E,12.2,COI,Lib_E,GGWACWGGWTGAACWGTWTAYCCYCC,TANACYTCNGGRTGNCCRAARAAYCA,350,4,CAGATC,IDT_7,GCGCTC,Lib-E-WOAC_S5_L001_R1_001.fastq,Lib-E-WOAC_S5_L001_R2_001.fastq
Apr18_P4_0.1,18-Apr,P4,0,F9,NA,NA,12.3,Tag_16,Lib_A,Tag_16.Lib_A,15.8,COI,Lib_A,GGWACWGGWTGAACWGTWTAYCCYCC,TANACYTCNGGRTGNCCRAARAAYCA,350,4,CGATGT,IDT_2,GCGAGT,Lib-A-WOAC_S1_L001_R1_001.fastq,Lib-A-WOAC_S1_L001_R2_001.fastq
Apr18_P1_0.1,18-Apr,P1,0,G9,NA,NA,36,Tag_16,Lib_C,Tag_16.Lib_C,10.6,COI,Lib_C,GGWACWGGWTGAACWGTWTAYCCYCC,TANACYTCNGGRTGNCCRAARAAYCA,350,4,ACAGTG,IDT_5,GCGAGT,Lib-C-WOAC_S3_L001_R1_001.fastq,Lib-C-WOAC_S3_L001_R2_001.fastq
Apr18_P22_105.1,18-Apr,P22,105,H9,NA,NA,1.1,Tag_8,Lib_D,Tag_8.Lib_D,4.15,COI,Lib_D,GGWACWGGWTGAACWGTWTAYCCYCC,TANACYTCNGGRTGNCCRAARAAYCA,350,4,GCCAAT,IDT_6,CTCGCA,Lib-D-WOAC_S4_L001_R1_001.fastq,Lib-D-WOAC_S4_L001_R2_001.fastq
Apr18_P22_5.1,18-Apr,P22,5,A10,NA,NA,5,Tag_5,Lib_E,Tag_5.Lib_E,4.71,COI,Lib_E,GGWACWGGWTGAACWGTWTAYCCYCC,TANACYTCNGGRTGNCCRAARAAYCA,350,4,CAGATC,IDT_7,ACATGT,Lib-E-WOAC_S5_L001_R1_001.fastq,Lib-E-WOAC_S5_L001_R2_001.fastq
Apr18_P22_0.1,18-Apr,P22,0,B10,NA,NA,6.1,Tag_3,Lib_A,Tag_3.Lib_A,0.808,COI,Lib_A,GGWACWGGWTGAACWGTWTAYCCYCC,TANACYTCNGGRTGNCCRAARAAYCA,350,4,CGATGT,IDT_2,GTCTCT,Lib-A-WOAC_S1_L001_R1_001.fastq,Lib-A-WOAC_S1_L001_R2_001.fastq
Apr18_P8_122.1,18-Apr,P8,122,C10,NA,NA,49.2,Tag_1,Lib_F,Tag_1.Lib_F,8.4,COI,Lib_F,GGWACWGGWTGAACWGTWTAYCCYCC,TANACYTCNGGRTGNCCRAARAAYCA,350,4,CTTGTA,IDT_12,ACACAC,Lib-F-WOAC_S6_L001_R1_001.fastq,Lib-F-WOAC_S6_L001_R2_001.fastq
Apr18_P8_5.1,18-Apr,P8,5,D10,NA,NA,16.8,Tag_14,Lib_A,Tag_14.Lib_A,10.6,COI,Lib_A,GGWACWGGWTGAACWGTWTAYCCYCC,TANACYTCNGGRTGNCCRAARAAYCA,350,4,CGATGT,IDT_2,TCGTCA,Lib-A-WOAC_S1_L001_R1_001.fastq,Lib-A-WOAC_S1_L001_R2_001.fastq
Apr18_P8_0.1,18-Apr,P8,0,E10,NA,NA,34.3,Tag_12,Lib_A,Tag_12.Lib_A,10.9,COI,Lib_A,GGWACWGGWTGAACWGTWTAYCCYCC,TANACYTCNGGRTGNCCRAARAAYCA,350,4,CGATGT,IDT_2,GATGAC,Lib-A-WOAC_S1_L001_R1_001.fastq,Lib-A-WOAC_S1_L001_R2_001.fastq
Apr18_P12_120.1,18-Apr,P12,120,F10,NA,NA,67.9,Tag_8,Lib_E,Tag_8.Lib_E,8.18,COI,Lib_E,GGWACWGGWTGAACWGTWTAYCCYCC,TANACYTCNGGRTGNCCRAARAAYCA,350,4,CAGATC,IDT_7,CTCGCA,Lib-E-WOAC_S5_L001_R1_001.fastq,Lib-E-WOAC_S5_L001_R2_001.fastq
Apr18_P12_5.1,18-Apr,P12,5,G10,NA,NA,66,Tag_16,Lib_D,Tag_16.Lib_D,7.82,COI,Lib_D,GGWACWGGWTGAACWGTWTAYCCYCC,TANACYTCNGGRTGNCCRAARAAYCA,350,4,GCCAAT,IDT_6,GCGAGT,Lib-D-WOAC_S4_L001_R1_001.fastq,Lib-D-WOAC_S4_L001_R2_001.fastq
Apr18_P12_0.1,18-Apr,P12,0,H10,NA,NA,46.3,Tag_15,Lib_D,Tag_15.Lib_D,18,COI,Lib_D,GGWACWGGWTGAACWGTWTAYCCYCC,TANACYTCNGGRTGNCCRAARAAYCA,350,4,GCCAAT,IDT_6,CGACGC,Lib-D-WOAC_S4_L001_R1_001.fastq,Lib-D-WOAC_S4_L001_R2_001.fastq
Apr18_P402_52.1,18-Apr,P402,52,A11,NA,NA,11.4,Tag_4,Lib_A,Tag_4.Lib_A,6.59,COI,Lib_A,GGWACWGGWTGAACWGTWTAYCCYCC,TANACYTCNGGRTGNCCRAARAAYCA,350,4,CGATGT,IDT_2,GCGCTC,Lib-A-WOAC_S1_L001_R1_001.fastq,Lib-A-WOAC_S1_L001_R2_001.fastq
Apr18_P402_5.1,18-Apr,P402,5,B11,NA,NA,50.7,Tag_2,Lib_A,Tag_2.Lib_A,8.76,COI,Lib_A,GGWACWGGWTGAACWGTWTAYCCYCC,TANACYTCNGGRTGNCCRAARAAYCA,350,4,CGATGT,IDT_2,ACAGCA,Lib-A-WOAC_S1_L001_R1_001.fastq,Lib-A-WOAC_S1_L001_R2_001.fastq
Apr18_P402_0.1,18-Apr,P402,0,C11,NA,NA,43,Tag_5,Lib_A,Tag_5.Lib_A,9.88,COI,Lib_A,GGWACWGGWTGAACWGTWTAYCCYCC,TANACYTCNGGRTGNCCRAARAAYCA,350,4,CGATGT,IDT_2,ACATGT,Lib-A-WOAC_S1_L001_R1_001.fastq,Lib-A-WOAC_S1_L001_R2_001.fastq
Apr18_P38_98.1,18-Apr,P38,98,D11,NA,NA,14.3,Tag_1,Lib_C,Tag_1.Lib_C,12.8,COI,Lib_C,GGWACWGGWTGAACWGTWTAYCCYCC,TANACYTCNGGRTGNCCRAARAAYCA,350,4,ACAGTG,IDT_5,ACACAC,Lib-C-WOAC_S3_L001_R1_001.fastq,Lib-C-WOAC_S3_L001_R2_001.fastq
Apr18_P38_5.1,18-Apr,P38,5,E11,NA,NA,335.6,Tag_8,Lib_F,Tag_8.Lib_F,13.6,COI,Lib_F,GGWACWGGWTGAACWGTWTAYCCYCC,TANACYTCNGGRTGNCCRAARAAYCA,350,4,CTTGTA,IDT_12,CTCGCA,Lib-F-WOAC_S6_L001_R1_001.fastq,Lib-F-WOAC_S6_L001_R2_001.fastq
Apr18_P38_0.1,18-Apr,P38,0,F11,NA,NA,276.4,Tag_15,Lib_A,Tag_15.Lib_A,14.3,COI,Lib_A,GGWACWGGWTGAACWGTWTAYCCYCC,TANACYTCNGGRTGNCCRAARAAYCA,350,4,CGATGT,IDT_2,CGACGC,Lib-A-WOAC_S1_L001_R1_001.fastq,Lib-A-WOAC_S1_L001_R2_001.fastq
Apr18_P28_191.2,18-Apr,P28,191,G11,NA,NA,5.5,Tag_14,Lib_B,Tag_14.Lib_B,3.72,COI,Lib_B,GGWACWGGWTGAACWGTWTAYCCYCC,TANACYTCNGGRTGNCCRAARAAYCA,350,4,TGACCA,IDT_4,TCGTCA,Lib-B-WOAC_S2_L001_R1_001.fastq,Lib-B-WOAC_S2_L001_R2_001.fastq
Apr18_P28_10.2,18-Apr,P28,10,H11,NA,NA,7.7,Tag_6,Lib_B,Tag_6.Lib_B,8.31,COI,Lib_B,GGWACWGGWTGAACWGTWTAYCCYCC,TANACYTCNGGRTGNCCRAARAAYCA,350,4,TGACCA,IDT_4,ACGACG,Lib-B-WOAC_S2_L001_R1_001.fastq,Lib-B-WOAC_S2_L001_R2_001.fastq
Apr18_P28_0.2,18-Apr,P28,0,A12,NA,NA,8.8,Tag_3,Lib_E,Tag_3.Lib_E,3.01,COI,Lib_E,GGWACWGGWTGAACWGTWTAYCCYCC,TANACYTCNGGRTGNCCRAARAAYCA,350,4,CAGATC,IDT_7,GTCTCT,Lib-E-WOAC_S5_L001_R1_001.fastq,Lib-E-WOAC_S5_L001_R2_001.fastq
Apr18_P4_57.2,18-Apr,P4,57,B12,NA,NA,29.8,Tag_15,Lib_C,Tag_15.Lib_C,4.46,COI,Lib_C,GGWACWGGWTGAACWGTWTAYCCYCC,TANACYTCNGGRTGNCCRAARAAYCA,350,4,ACAGTG,IDT_5,CGACGC,Lib-C-WOAC_S3_L001_R1_001.fastq,Lib-C-WOAC_S3_L001_R2_001.fastq
Apr18_P4_5.2,18-Apr,P4,5,C12,NA,NA,13.2,Tag_11,Lib_F,Tag_11.Lib_F,9.52,COI,Lib_F,GGWACWGGWTGAACWGTWTAYCCYCC,TANACYTCNGGRTGNCCRAARAAYCA,350,4,CTTGTA,IDT_12,GCAGTG,Lib-F-WOAC_S6_L001_R1_001.fastq,Lib-F-WOAC_S6_L001_R2_001.fastq
Apr18_P4_0.2,18-Apr,P4,0,D12,NA,NA,12.3,Tag_7,Lib_D,Tag_7.Lib_D,4.77,COI,Lib_D,GGWACWGGWTGAACWGTWTAYCCYCC,TANACYTCNGGRTGNCCRAARAAYCA,350,4,GCCAAT,IDT_6,ATATCG,Lib-D-WOAC_S4_L001_R1_001.fastq,Lib-D-WOAC_S4_L001_R2_001.fastq
Apr18_P1_0.2,18-Apr,P1,0,E12,NA,NA,36,Tag_2,Lib_D,Tag_2.Lib_D,4.93,COI,Lib_D,GGWACWGGWTGAACWGTWTAYCCYCC,TANACYTCNGGRTGNCCRAARAAYCA,350,4,GCCAAT,IDT_6,ACAGCA,Lib-D-WOAC_S4_L001_R1_001.fastq,Lib-D-WOAC_S4_L001_R2_001.fastq
Apr18_P22_105.2,18-Apr,P22,105,F12,NA,NA,1.1,Tag_10,Lib_E,Tag_10.Lib_E,4.84,COI,Lib_E,GGWACWGGWTGAACWGTWTAYCCYCC,TANACYTCNGGRTGNCCRAARAAYCA,350,4,CAGATC,IDT_7,TGTATG,Lib-E-WOAC_S5_L001_R1_001.fastq,Lib-E-WOAC_S5_L001_R2_001.fastq
Apr18_P22_5.2,18-Apr,P22,5,G12,NA,NA,5,Tag_13,Lib_C,Tag_13.Lib_C,4.83,COI,Lib_C,GGWACWGGWTGAACWGTWTAYCCYCC,TANACYTCNGGRTGNCCRAARAAYCA,350,4,ACAGTG,IDT_5,ATCAGT,Lib-C-WOAC_S3_L001_R1_001.fastq,Lib-C-WOAC_S3_L001_R2_001.fastq
Apr18_P22_0.2,18-Apr,P22,0,H12,NA,NA,6.1,Tag_5,Lib_F,Tag_5.Lib_F,2.5,COI,Lib_F,GGWACWGGWTGAACWGTWTAYCCYCC,TANACYTCNGGRTGNCCRAARAAYCA,350,4,CTTGTA,IDT_12,ACATGT,Lib-F-WOAC_S6_L001_R1_001.fastq,Lib-F-WOAC_S6_L001_R2_001.fastq